{"Cornell_Campus": {"leftLon": -76.4950662435, "imageURL": "img/satellites/Cornell_Campus_Satellite.png", "rightLon": -76.4676004232, "topLat": 42.4586880256, "bottomLat": 42.4384214463}, "SITL": {"leftLon": 149.15148908984375, "centerLon": 149.165222, "imageURL": "img/satellites/SITL_Satellite.png", "rightLon": 149.17895491015625, "centerLat": -35.3632498, "bottomLat": -35.374448200245894, "topLat": -35.352049846211294}, "Game_Farm": {"leftLon": -76.46816291015624, "centerLon": -76.45443, "imageURL": "img/satellites/Game_Farm_Satellite.png", "rightLon": -76.44069708984374, "centerLat": 42.4374, "bottomLat": 42.42726408630176, "topLat": 42.44753427449548}, "Earth_Center": {"leftLon": -0.0274658203125, "imageURL": "img/satellites/Earth_Center_Satellite.png", "rightLon": 0.0274658203125, "topLat": 0.0274658192606, "bottomLat": -0.0274658192606}, "Neno_Airfield": {"leftLon": -76.62717323400905, "centerLon": -76.6134403238528, "imageURL": "img/satellites/Neno_Airfield_Satellite.png", "rightLon": -76.59970741369655, "centerLat": 42.447633676502846, "bottomLat": 42.437499418087086, "topLat": 42.45776629566345}, "Competition": {"leftLon": -76.44183791015624, "centerLon": -76.428105, "imageURL": "img/satellites/Competition_Satellite.png", "rightLon": -76.41437208984374, "centerLat": 38.145467, "bottomLat": 38.13466602031598, "topLat": 38.15626638078686}, "Empire_State_Building": {"leftLon": -73.99916091015625, "centerLon": -73.985428, "imageURL": "img/satellites/Empire_State_Building_Satellite.png", "rightLon": -73.97169508984375, "centerLat": 40.748817, "bottomLat": 40.73841242921333, "topLat": 40.75921994309141}, "SFO_Airport": {"leftLon": 149.158355767, "imageURL": "img/satellites/SFO_Airport_Satellite.png", "rightLon": 149.172088677, "topLat": -35.3576502173, "bottomLat": -35.3688493943}, "White Square": {"leftLon": 1, "imageURL": "img/plainWhiteSquare.png", "rightLon": -1, "topLat": 1, "bottomLat": -1}, "Neno_International_Airport": {"leftLon": -76.62717323400905, "centerLon": -76.6134403238528, "imageURL": "img/satellites/Neno_International_Airport_Satellite.png", "rightLon": -76.59970741369655, "centerLat": 42.447633676502846, "bottomLat": 42.437499418087086, "topLat": 42.45776629566345}, "NAS_Pax": {"leftLon": -76.423871799, "imageURL": "img/satellites/NAS_Pax_Satellite.png", "rightLon": -76.3964059787, "topLat": 38.2966119005, "bottomLat": 38.2750531654}}
